NOM,Prénom,Email,Mot de passe,Classe
BBI,Aaron,1@toto.com,,6 D
BEO,Abdellah,2@toto.com,,4 C
BERBI-COLO,Adam,3@toto.com,,3A
BES--DOHERT,Adam,4@toto.com,,6 C
BES--DOHERT,Adela,5@toto.com,,3 F
BET,Adem,6@toto.com,,"0,25"
BET,Adrian,7@toto.com,,5 D
BEYLI,Adrien,8@toto.com,,4 D
BEZILEIRI,Adrien,9@toto.com,,5 D
BIEOT,Adrien,10@toto.com,,"0,25"
BIRGHIIN,Adrien,11@toto.com,,3 F
BIRGIEO,Agathe,12@toto.com,,4 C
BIRVII,Agnès,13@toto.com,,6 L
BIS,Agnès,14@toto.com,,4 L
BITOV,Ahlam,15@toto.com,,3 L
BOFFI,Aida,16@toto.com,,3 F
BOIS,Aintzane,17@toto.com,,6 C
BORIEOD,Alaia,18@toto.com,,3 D
BORIEOD,Alaya,19@toto.com,,4 F
BOSC,Alboury,20@toto.com,,5 E
BOST TINOCO DE CONHE,Alessandro,21@toto.com,,4 G
BOY,Alexandre,22@toto.com,,6 E
BOZ,Alexandre,23@toto.com,,4 B
BRITO,Alexandre,24@toto.com,,6 B
BRONII-FIORINTINO,Alexane,25@toto.com,,4 C
BY,Alexia,26@toto.com,,3G
CBIRNIT,Alexiane,27@toto.com,,4 F
CEBY,Alice,28@toto.com,,"0,1666666667"
CEM,Aline,29@toto.com,,4 B
CERD,Alissia,30@toto.com,,"0,1666666667"
CERD,Alix,31@toto.com,,5 F
CERDETZ,Allan,32@toto.com,,6 C
CERDETZ,Allande,33@toto.com,,6 B
CESSOO-MENEGEL,Amaïa,34@toto.com,,3 B
CEZI--COLLIN,Amaiur,35@toto.com,,4 L
CHEDIEO,Amaiur,36@toto.com,,4 D
CHEMBRI,Amandine,37@toto.com,,6 C
CHEORREGE,Amandine,38@toto.com,,3 D
CHERT,Ambre,39@toto.com,,3 E
CHERY,Ambre,40@toto.com,,5 F
CHERY,Ambre,41@toto.com,,4 D
CHIBERNI,Ambre,42@toto.com,,"0,2083333333"
CHIBIRRY,Ambre,43@toto.com,,3 D
CHICOPER,Amélie,44@toto.com,,6 E
CHIGEREY,Amélie,45@toto.com,,5 D
CHI--HIINRICH,Amélie,46@toto.com,,5 C
CHIL,Amin,47@toto.com,,3 F
CHIN,Amy,48@toto.com,,"0,2083333333"
CHINNIC,Ana Luisa,49@toto.com,,4 G
CHIRON,Anaé,50@toto.com,,6 B
CHISNI,Anaëlle,51@toto.com,,5 E
CHITO,Anaëlle,52@toto.com,,5 C
CHITO,Anaïs,53@toto.com,,5 C
CHIT-PITRY,Ana-Louisa,54@toto.com,,"0,1666666667"
CHIT-PITRY,Ancelain,55@toto.com,,5 E
CHIVIRRY,Andoné,56@toto.com,,6 E
CHIVIRRY,Andoni,57@toto.com,,6 C
CHIVIRRY,Andoni,58@toto.com,,4 C
CHIVIRRY,Andoni,59@toto.com,,6 E
CHIVIRRY,Andoni,60@toto.com,,4 E
CHIVIRRY,Andrea,61@toto.com,,3 D
CHIVIRRY CESTEINGS,Andrea,62@toto.com,,5 F
CHOMMI,Andréa,63@toto.com,,"0,1666666667"
CHON,Angel,64@toto.com,,6 L
CIRON,Angel,65@toto.com,,3 F
CLE,Angel,66@toto.com,,"0,25"
CODIRO,Anna,67@toto.com,,5 B
COGEREY,Anna,68@toto.com,,3 B
COGEREY,Anna,69@toto.com,,4 E
COIOVRI,Anouk,70@toto.com,,3A
COLOMBI,Anouk,71@toto.com,,5 D
COMBI,Anthony,72@toto.com,,3A
COMBI,Anthony,73@toto.com,,4 D
COOFLI,Antoine,74@toto.com,,4 B
COOFLI,Antoine,75@toto.com,,"0,25"
COOIT,Antoine,76@toto.com,,3 B
COOREO,Antoine,77@toto.com,,4 F
COOREO,Antton,78@toto.com,,3 B
COOT,Antton,79@toto.com,,5 B
COSTE,Anushik,80@toto.com,,5 F
COYNECQ,Arthur,81@toto.com,,6 B
COYNECQ,Arthur,82@toto.com,,5 F
CQOIMIN,Arthur,83@toto.com,,4 D
CQOIT,Arthur,84@toto.com,,4 C
CQOIT,Asier,85@toto.com,,6 C
CQOIT,Astrid,86@toto.com,,5 G
CROIX ITCHIVIRRIE,Auguste,87@toto.com,,6 D
DDOK,Augustin,88@toto.com,,4 B
DDOK,Aurèle,89@toto.com,,4 B
DEL,Aurélie,90@toto.com,,3A
DELGO,Axel,91@toto.com,,6 B
DER--HOOILLON,Axel,92@toto.com,,3 C
DERT,Axelle,93@toto.com,,5 C
DERT,Axelle,94@toto.com,,3 F
DERT,Aziz,95@toto.com,,4 C
DERT,Badr,96@toto.com,,5 L
DI,Badr,97@toto.com,,6 E
DI,Baptiste,98@toto.com,,"0,1666666667"
DIGEREY,Baptiste,99@toto.com,,6 F
DIIO,Baptiste,100@toto.com,,3 C
DIN,Baptiste,101@toto.com,,"0,1666666667"
DIRI,Baptiste,102@toto.com,,3G
DIRICO,Baptiste,103@toto.com,,6 C
DIVILLE,Baptiste,104@toto.com,,4 C
DIVILLE,Baptiste,105@toto.com,,3 F
DIVIN,Bastien,106@toto.com,,4 G
DJI,Bastien,107@toto.com,,3A
DJI,Bastien,108@toto.com,,5 F
DOOX,Bastien,109@toto.com,,3 L
DREDI,Bastien,110@toto.com,,3 F
DREDI FIRNENDIS,Bastien,111@toto.com,,4 G
DRIGOIS,Benat,112@toto.com,,3 E
DRIGOIZ,Benjamin,113@toto.com,,6 F
DRII,Benjamin,114@toto.com,,3 D
EBIT DIT BOOCHIT,Benjamin,115@toto.com,,5 F
EBRIS-DOC,Benjamin,116@toto.com,,4 C
ECHI,Benoît,117@toto.com,,4 C
ECIIT,Benoît,118@toto.com,,4 B
ED,Bernardo,119@toto.com,,5 L
EDINI,Bixente,120@toto.com,,5 D
EFE,Brice,121@toto.com,,4 E
EFIR,Bryan,122@toto.com,,3 E
EGEIS,Camille,123@toto.com,,6 F
EGLIE-WIRMILINGIR,Camille,124@toto.com,,6 E
ELFELLEH,Camille,125@toto.com,,"0,2083333333"
ELMIIDE EZIVIDO,Camille,126@toto.com,,5 C
EMINEDI,Camille,127@toto.com,,3 D
EMINT,Capucine,128@toto.com,,"0,25"
EMMOO,Capucine,129@toto.com,,3 C
EN,Capucine,130@toto.com,,6 C
EN,Carla,131@toto.com,,4 F
ENCHIT,Carla,132@toto.com,,5 G
ENCHON,Carla,133@toto.com,,4 G
ENCID,Carla,134@toto.com,,3 F
ENDCEMP,Carline,135@toto.com,,6 F
ENE,Carrie,136@toto.com,,3A
ENE,Cassy,137@toto.com,,5 C
ENE,Cassya,138@toto.com,,5 G
ENE- LEPLECITTI,Cathy,139@toto.com,,3 B
ENEC,Cécile,140@toto.com,,6 B
ENEYE,Céleste,141@toto.com,,3 D
ENNOO,Charline,142@toto.com,,5 D
ENOLOV,Charlotte,143@toto.com,,5 B
ENTI,Charlotte,144@toto.com,,5 G
EODIENT,Charlotte,145@toto.com,,6 D
EOMENN-GONZELIZ,Charlotte,146@toto.com,,6 B
EONDIGOI,Charlotte,147@toto.com,,3 D
EOOJI,Charlotte-Maitena,148@toto.com,,3 C
EORI,Charly,149@toto.com,,3 L
ERDENI,Charly,150@toto.com,,6 F
ERESSERRY,Chloé,151@toto.com,,6 L
ERIZ,Chloé,152@toto.com,,6 D
ERLIS,Christophe,153@toto.com,,4 C
ERT,Christophe,154@toto.com,,4 F
ERT,Claire,155@toto.com,,3 C
ERTI GOOVIIE,Clara,156@toto.com,,6 D
ERTI GOOVIIE,Clara,157@toto.com,,3 C
ERY,Clara,158@toto.com,,6 L
ES GEME,Clara,159@toto.com,,6 C
ESSI,Clara,160@toto.com,,4 C
ESTECIO,Clara,161@toto.com,,6 B
ESTESSIOS,Clara,162@toto.com,,4 B
ET,Clarence,163@toto.com,,"0,1666666667"
ETILLERD,Cléa,164@toto.com,,4 L
ETZOQOY,Clémence,165@toto.com,,"0,1666666667"
EU,Clémence,166@toto.com,,"0,25"
FERGOI,Clémence,167@toto.com,,5 E
FERGOI,Clémence,168@toto.com,,5 B
FFO,Clément,169@toto.com,,4 E
FFOIR,Clément,170@toto.com,,3 C
FFONTES - LI BRES,Clément,171@toto.com,,"0,25"
FIVRI,Clément,172@toto.com,,5 D
FLISSILLI,Clémentine,173@toto.com,,"0,25"
FOORG,Clovis,174@toto.com,,3G
GEBORI,Colin,175@toto.com,,5 C
GELDI,Coline,176@toto.com,,5 D
GELE-BINICHOO,Coline,177@toto.com,,5 L
GI,Coralie,178@toto.com,,5 C
GIENNIS,Corentin,179@toto.com,,5 G
GILI,Corto,180@toto.com,,3 D
GLEDI,Cristina,181@toto.com,,3 F
GNI,Cyrielle,182@toto.com,,4 C
GNI,Cyril,183@toto.com,,5 D
GNIEO,Dael,184@toto.com,,3A
GOERDI-SIGOT,Damien,185@toto.com,,5 C
GOERDI-SIGOT,Damien,186@toto.com,,5 C
GOERDI-SIGOT,Damien,187@toto.com,,5 E
GOILHIM,Damien,188@toto.com,,5 C
GOILHIM,Daphné,189@toto.com,,6 D
GOIRRI,Darius,190@toto.com,,4 E
GOIS--HIDELGO,David,191@toto.com,,5 C
GOIS--HIDELGO,David,192@toto.com,,3 C
GOIT,Déborah,193@toto.com,,3 C
GOLE,Diane,194@toto.com,,3 L
GOSTO,Diego,195@toto.com,,5 D
GOT,Diego,196@toto.com,,3 B
GROS,Diego,197@toto.com,,3 L
HEBIB,Dolovan,198@toto.com,,3 L
HEREN,Domitille,199@toto.com,,4 G
HEREN,Domitille,200@toto.com,,4 C
HERT,Dora,201@toto.com,,5 L
HEZZEN,Doulce,202@toto.com,,"0,25"
HICHI,Driss,203@toto.com,,"0,1666666667"
HIIR - GLYZI,Dylan,204@toto.com,,4 D
HIL,Dylan,205@toto.com,,6 F
HILI,Eduardo,206@toto.com,,5 E
HIMOV,Ekhi,207@toto.com,,"0,1666666667"
HIREBIDI,Elaia,208@toto.com,,4 B
HIREMINDY HORTEDO,Elaia,209@toto.com,,6 B
HIVISTI,Elaia,210@toto.com,,5 B
HIVISTI,Elaia,211@toto.com,,5 E
HMIDLIN,Elaia,212@toto.com,,5 D
HMIDLIN,Elaia,213@toto.com,,3G
HOBIITTI,Eléa,214@toto.com,,3G
HOTIGOY,Eliès,215@toto.com,,4 D
HOTIGOY,Elijah,216@toto.com,,3 E
HOTIGOY,Elioth,217@toto.com,,6 F
HOTIGOY,Eliott,218@toto.com,,3A
HOTZ,Eliott,219@toto.com,,3 E
HRIN,Elisa,220@toto.com,,3 B
IBEOD,Elise,221@toto.com,,5 B
IBLING,Eliza,222@toto.com,,4 E
ICHERNEOD,Eliza,223@toto.com,,4 G
ICHERNEOD,Ellande,224@toto.com,,6 B
ICOIPI,Ellande,225@toto.com,,6 B
ICOIPI,Eloi,226@toto.com,,4 D
ICOIPI - TOOSSEINT,Eloïse,227@toto.com,,4 D
IDIT,Elorri,228@toto.com,,"0,1666666667"
IECH,Elorri,229@toto.com,,4 F
IENDONO,Elrick,230@toto.com,,5 E
IENT,Ema,231@toto.com,,3 E
IERT,Emilie,232@toto.com,,3 C
IERT,Emilie,233@toto.com,,3 D
IES-JIEN,Emilie,234@toto.com,,6 E
IES-JIEN,Emma,235@toto.com,,3A
IFFERD DOPRIOILH,Emma,236@toto.com,,4 F
IFFERD DOPRIOILH,Emma,237@toto.com,,3A
IFFI,Emma,238@toto.com,,6 E
IGE PIRIIRE,Emma,239@toto.com,,6 E
IGITOMI,Emma,240@toto.com,,3 C
IGITOMI,Emma,241@toto.com,,3G
IGITOMI,Emma,242@toto.com,,5 E
IGNEN,Enea,243@toto.com,,5 E
IGNIIN,Eneko,244@toto.com,,"0,1666666667"
IIS,Enya,245@toto.com,,"0,1666666667"
IJIIRO,Enzo,246@toto.com,,4 B
IL,Enzo,247@toto.com,,5 D
ILHIEN,Enzo,248@toto.com,,5 E
ILHO TIIXIIRE,Enzo,249@toto.com,,3 E
ILHO TIIXIIRE,Enzo,250@toto.com,,4 D
ILI,Enzo,251@toto.com,,6 C
ILIPPI,Eric,252@toto.com,,3 E
ILIT,Esteban,253@toto.com,,5 C
ILLIOL,Esteban,254@toto.com,,5 F
ILLIORET,Esteban,255@toto.com,,5 C
ILLIT,Esteban,256@toto.com,,"0,1666666667"
ILLOT,Estelle,257@toto.com,,4 G
ILSOO-KINKIL,Ethan,258@toto.com,,4 D
IMERD,Eva,259@toto.com,,3 L
IN,Eva,260@toto.com,,"0,1666666667"
IN,Eva,261@toto.com,,"0,1666666667"
INC,Evan,262@toto.com,,6 F
INEODII,Evan,263@toto.com,,3 L
INTI,Ewen,264@toto.com,,3A
INT-ISTIBIN,Fabien,265@toto.com,,6 F
INT-JIEN,Fallougalasse,266@toto.com,,"0,25"
IOIL-CEROSO,Fanette,267@toto.com,,4 D
IOLLIT,Fanny,268@toto.com,,6 D
IOORT,Fanny,269@toto.com,,3 D
IOSNI,Fariss,270@toto.com,,5 F
IPHEN,Faustine,271@toto.com,,5 B
IPHEN,Faustine,272@toto.com,,5 F
IPLO,Fausto,273@toto.com,,"0,1666666667"
IPLO,Félix,274@toto.com,,6 D
IR,Flavio,275@toto.com,,4 C
IRC,Fleur,276@toto.com,,6 F
IRE,Fleur,277@toto.com,,5 G
IRET,Florian,278@toto.com,,6 E
IRIEOD,Florian,279@toto.com,,6 L
IRIFI,François,280@toto.com,,6 L
IRIIR,Fulbert,281@toto.com,,6 L
IRIT,Fyona,282@toto.com,,6 L
IRITT,Gabi,283@toto.com,,5 G
IRMITI,Gabin,284@toto.com,,5 G
IRNY,Gabriel,285@toto.com,,6 B
IRON,Gabriel,286@toto.com,,4 B
IRRET,Gaëlle,287@toto.com,,"0,2083333333"
IRRI,Gaiane,288@toto.com,,6 C
IS,Gaizka,289@toto.com,,"0,1666666667"
ISCIONI,Gianni,290@toto.com,,"0,1666666667"
ISEC,Gibril,291@toto.com,,4 B
ISLETI,Grace,292@toto.com,,3 F
ISLETI,Guilain,293@toto.com,,4 B
ISSIIRI,Guillaume,294@toto.com,,5 E
IST,Guillaume,295@toto.com,,4 E
ISTIRRINE,Gwenn-Zumaia,296@toto.com,,3 C
ISTOY ELPHE,Haize,297@toto.com,,6 F
IT,Haize,298@toto.com,,4 E
IT,Haizea,299@toto.com,,6 B
ITOON-SEINSERD,Harson Prima,300@toto.com,,6 F
IT-REYNEL,Hassina,301@toto.com,,"0,1666666667"
IT-REYNEL,Henry,302@toto.com,,6 E
ITTI,Hilal,303@toto.com,,5 L
ITTIS,Hinaé,304@toto.com,,4 B
ITZ,Hugo,305@toto.com,,3 L
IX,Hugo,306@toto.com,,3A
IYI,Hugo,307@toto.com,,"0,2083333333"
IZE,Hugo,308@toto.com,,6 C
IZEL,Hugo,309@toto.com,,3 C
IZILIN,Hugo,310@toto.com,,5 L
IZON DI LEMOTTI DI RIGIS,Hugo,311@toto.com,,5 G
JELI,Hugo,312@toto.com,,3G
JJOOM OLLIVIIR,Iban,313@toto.com,,6 E
JOL,Iban,314@toto.com,,4 E
JOOS,Iban,315@toto.com,,6 C
JOS,Iban,316@toto.com,,5 B
KOTOERISON,Iban,317@toto.com,,5 G
L CESON,Iban,318@toto.com,,6 E
L PREDO,Iban,319@toto.com,,5 G
LBIRT,Idoia,320@toto.com,,4 C
LCIO,Iena,321@toto.com,,"0,25"
LDOMBIDI,Ilana,322@toto.com,,4 F
LECHOV,Ileana,323@toto.com,,3G
LED BILKECIM,Ilian,324@toto.com,,3 D
LEHEIS,Illan,325@toto.com,,5 D
LEM,Ilona,326@toto.com,,"0,1666666667"
LENDO,Ilona,327@toto.com,,6 D
LENDO,Ilona,328@toto.com,,4 D
LENDO,Ilona,329@toto.com,,3 F
LENOI,Ilyas,330@toto.com,,3 D
LENOI,Imanol,331@toto.com,,4 E
LEORINT,Imanol,332@toto.com,,6 F
LEVOLTI,Inaki,333@toto.com,,3 E
LEYE,Inès,334@toto.com,,4 L
LIFFI,Inès,335@toto.com,,5 G
LIINNI,Inès,336@toto.com,,3 B
LIME EMEREL,Inès,337@toto.com,,5 B
LIME EMEREL,Inès,338@toto.com,,4 E
LIO--MONSIGNE,Inès,339@toto.com,,5 C
LIORINCI,Inès,340@toto.com,,3 C
LIRIIR MINDY,Inès,341@toto.com,,5 D
LIT,Inko,342@toto.com,,5 D
LIT,Isabelle,343@toto.com,,3G
LIVIT,Isinda,344@toto.com,,3 D
L-KEDI,Ismât,345@toto.com,,6 D
L-KEDI,Jade,346@toto.com,,3A
LL,Jade,347@toto.com,,5 E
LLEBIRRY,Jade,348@toto.com,,5 G
LLEND,Jayson,349@toto.com,,4 C
LLIBIRT,Jeanne,350@toto.com,,5 B
LLIENO,Jeanne,351@toto.com,,4 L
LLIGRY,Jeanne,352@toto.com,,5 F
LLINOOS,Jeanne,353@toto.com,,4 L
LLIR,Jeanne,354@toto.com,,3 E
LLIR,Jeanne,355@toto.com,,3 E
LLIS,Jeanne-Elise,356@toto.com,,5 D
LLIS-MEZOO,Jérémie,357@toto.com,,"0,1666666667"
LLIT LERROQOI,Jihel,358@toto.com,,5 B
LLITIIR DI CHEMBORI,Joana,359@toto.com,,4 B
LLIT--LEMBIRT,Joaquim,360@toto.com,,5 E
LLOLIS,Johane,361@toto.com,,3G
LLON,Johane,362@toto.com,,5 C
LLON-CHOOKROON,Jokin,363@toto.com,,"0,2083333333"
LLOT,Jon,364@toto.com,,"0,2083333333"
LLOTIN,Jon,365@toto.com,,3G
LMES,Jon,366@toto.com,,6 C
LMIYDE - SOERIS,Jon,367@toto.com,,4 E
LMIYDE - SOERIS,Jordan,368@toto.com,,3 B
LOI,Jordan,369@toto.com,,3 B
LOI,Joséphine,370@toto.com,,3 B
LOOERD,Judy,371@toto.com,,"0,25"
LOT,Julen,372@toto.com,,5 G
LOT,Julen,373@toto.com,,"0,25"
LTEN,Julen,374@toto.com,,5 C
LVE,Julen,375@toto.com,,4 C
LVE,Jules,376@toto.com,,"0,1666666667"
MBI,Jules,377@toto.com,,4 G
MBIS,Jules,378@toto.com,,5 F
MBIS,Jules,379@toto.com,,4 G
MBIYI,Jùlia,380@toto.com,,5 D
MBON,Julie,381@toto.com,,5 F
MEDNE-DE CONHE,Julie,382@toto.com,,6 B
MEGNOLI,Julie,383@toto.com,,"0,2083333333"
MEISON,Julie,384@toto.com,,4 D
MEISON,Julien,385@toto.com,,4 F
MEN,Julien,386@toto.com,,4 G
MENT,Juliette,387@toto.com,,3 L
MERT,Juliette,388@toto.com,,5 C
MERT,Juliette,389@toto.com,,"0,25"
MIE,Justine,390@toto.com,,3 E
MIEDI,Justine,391@toto.com,,"0,2083333333"
MIIO-IBIRHERDT,Kaina,392@toto.com,,5 E
MIL,Karim,393@toto.com,,5 E
MIL DIROOINIEO,Ken,394@toto.com,,6 F
MINGOIS,Kengy,395@toto.com,,5 D
MINIS,Kenya,396@toto.com,,5 G
MIRINX,Kenza,397@toto.com,,5 L
MIRINX,Kepa,398@toto.com,,"0,2083333333"
MISTOY,Kepa,399@toto.com,,5 G
MIY,Kepa,400@toto.com,,4 F
MMI,Kéryan,401@toto.com,,6 E
MMICHI-LEROCHITTI,Kevin,402@toto.com,,4 F
MMIRT,Kevin,403@toto.com,,4 D
MMOND,Kévin,404@toto.com,,5 E
MMOND,Khadija,405@toto.com,,6 D
MMOO,Kilian,406@toto.com,,6 E
MON,Killian,407@toto.com,,"0,1666666667"
MONRIDON,Killian,408@toto.com,,"0,2083333333"
MONRIDON,Killian,409@toto.com,,4 G
MONT,Kilyan,410@toto.com,,4 D
MOS,Kylian,411@toto.com,,"0,2083333333"
MOTHI,Kylian,412@toto.com,,4 D
MOTHI,Kylian,413@toto.com,,4 F
MOTI,Kyliann,414@toto.com,,6 F
MPEGNOLLI,Kylie,415@toto.com,,4 G
MPEIGNON DI MERCHIVILLI,Laida,416@toto.com,,6 B
MPIOL,Lara,417@toto.com,,"0,25"
MPLIIR,Laura,418@toto.com,,3 C
MPLIIR,Lauréna,419@toto.com,,4 F
N IMITIRIO,Lea,420@toto.com,,6 D
N JOEN,Léa,421@toto.com,,3 D
NCELVIS,Léa,422@toto.com,,"0,25"
NCHIZ,Léa,423@toto.com,,5 F
NCHIZ,Léa,424@toto.com,,3 E
NCHIZ,Léa,425@toto.com,,3G
NCHOO,Léa,426@toto.com,,6 D
NCHOO,Léa,427@toto.com,,4 G
NCHOO,Léa,428@toto.com,,"0,1666666667"
NCILIT,Léa,429@toto.com,,3 L
NCILLES MECIE,Léa,430@toto.com,,5 D
NCI-TORINO,Léa,431@toto.com,,5 G
NDEO,Leila,432@toto.com,,4 D
NDIBOORI,Lena,433@toto.com,,5 G
NDIIIG,Lena,434@toto.com,,3G
NDIRSON,Léna,435@toto.com,,5 D
NDIRSON,Léna,436@toto.com,,6 F
NDIS,Lenny,437@toto.com,,4 G
NDIS,Lenny,438@toto.com,,4 B
NDONNIT,Leny,439@toto.com,,5 G
NDOYE,Leo,440@toto.com,,"0,25"
NDRII,Leo,441@toto.com,,4 D
NDRII,Léo,442@toto.com,,6 B
NDY-VIDEL,Léo,443@toto.com,,6 B
NEOD,Léo,444@toto.com,,3 F
NEOLT,Léonor,445@toto.com,,3 F
NEOLT,Lexanne,446@toto.com,,3 F
NEOLT,Liam,447@toto.com,,3 C
NEOOI BINHOOCHEMI,Lili,448@toto.com,,6 E
NERFE,Lili,449@toto.com,,3 D
NG,Lili,450@toto.com,,6 C
NGIR,Lilian,451@toto.com,,3 E
NGOIT,Lilie,452@toto.com,,5 E
NGORE,Lilo,453@toto.com,,4 C
NHOMMI,Lilou,454@toto.com,,3 E
NI,Lilou,455@toto.com,,3 F
NIEOX,Lilou,456@toto.com,,3 E
NINI,Lisa,457@toto.com,,6 C
NITTI,Lisa,458@toto.com,,4 C
NITTI,Lisa,459@toto.com,,5 C
NIZ,Lisian,460@toto.com,,4 G
NMIBERIK,Loan,461@toto.com,,5 B
NNI- HEDIDI,Lola,462@toto.com,,4 C
NNI-HEDIDI,Lola,463@toto.com,,5 B
NNIIR,Lola,464@toto.com,,"0,1666666667"
NNIIR,Lola,465@toto.com,,3 E
NNIMEISON,Lola,466@toto.com,,"0,25"
NNOON,Lola,467@toto.com,,"0,2083333333"
NO,Lola,468@toto.com,,4 E
NO,Lola,469@toto.com,,5 F
NOKYEN,Lore,470@toto.com,,6 C
NOT,Loréa,471@toto.com,,"0,1666666667"
NQOIT,Lorelei,472@toto.com,,5 G
NQOIT,Lorenzo,473@toto.com,,3 F
NQOIT,Lorenzo,474@toto.com,,3 E
NRI,Lou,475@toto.com,,3A
NRY,Louis,476@toto.com,,4 E
NSBIRRO,Louis,477@toto.com,,4 F
NSEDI,Louis,478@toto.com,,4 E
NSEDI,Louis,479@toto.com,,3A
NSEEDE,Louise,480@toto.com,,5 D
NTEINI,Louise,481@toto.com,,4 E
NTELIB,Louise,482@toto.com,,3 C
NTELIBIT,Lucas,483@toto.com,,3 C
NTEN,Lucas,484@toto.com,,5 E
NTEOD,Lucas,485@toto.com,,6 B
NTEOD,Lucas,486@toto.com,,6 D
NTEOO,Lucie,487@toto.com,,6 B
NTION,Lucie,488@toto.com,,4 G
NTOO,Lucie,489@toto.com,,5 C
NTOS COOTO,Lucie,490@toto.com,,6 B
NZELIZ,Lucie,491@toto.com,,6 D
NZIGIRS,Lucien,492@toto.com,,4 D
NZO,Lucio,493@toto.com,,6 B
NZO,Lucy,494@toto.com,,4 F
NZOO-LISPINESSI,Lucy,495@toto.com,,6 D
O,Ludovic,496@toto.com,,5 B
O,Luis,497@toto.com,,4 B
OBIRTII,Luke,498@toto.com,,"0,2083333333"
OBISTI,Luna,499@toto.com,,5 B
OCH,Luna,500@toto.com,,4 C
OCHI,Luna,501@toto.com,,5 C
OCHI,Luna,502@toto.com,,6 C
OCHIR,Luna,503@toto.com,,5 G
OCHIT,Luna,504@toto.com,,3 E
OCHY,Luna,505@toto.com,,5 D
ODIBIRT RIVIRO,Lutxo,506@toto.com,,6 F
ODIEF,Maé,507@toto.com,,3G
ODIR,Maël,508@toto.com,,3A
ODIT-TORQOEY,Maéline,509@toto.com,,6 E
ODRY,Maëlla,510@toto.com,,5 G
OERD,Maëlla,511@toto.com,,5 B
OEZI--JOSTIDI,Maelys,512@toto.com,,5 B
OFFOLO,Maeva,513@toto.com,,5 F
OFFRENT,Maëva,514@toto.com,,3A
OGLES,Maëva,515@toto.com,,5 L
OGON,Maia,516@toto.com,,"0,1666666667"
OGON,Maia,517@toto.com,,5 F
OGON,Maïa,518@toto.com,,5 G
OGRINI,Maialen,519@toto.com,,3A
OHERCI,Maïka,520@toto.com,,6 E
OILLI,Maïka,521@toto.com,,5 L
OILLIIR,Mailuxa,522@toto.com,,3 E
OINI,Maïna,523@toto.com,,4 G
OINNI,Maïna,524@toto.com,,4 G
OIN--PION,Malla,525@toto.com,,3 D
OIRRI--ITCHIPERI,Malo,526@toto.com,,3 C
OISCE,Manon,527@toto.com,,5 L
OJECQ,Manon,528@toto.com,,4 F
OJELEL,Manon,529@toto.com,,6 E
OKHIROOFE,Manon,530@toto.com,,6 B
OL,Manon,531@toto.com,,4 F
OLE,Manon,532@toto.com,,4 C
OLIQOIN,Manon,533@toto.com,,5 G
OLON,Manotea,534@toto.com,,6 D
OLON,Manouchca,535@toto.com,,4 G
OLSIN,Marat,536@toto.com,,4 G
OM LERCIBEL,Margaux,537@toto.com,,6 C
ON,Margaux,538@toto.com,,4 D
ONICI,Margot,539@toto.com,,3 E
ONICI,Margot,540@toto.com,,5 G
ONZIS,Margot,541@toto.com,,3 F
OODJOBI-SELOO,Marie,542@toto.com,,6 C
OOEOORI-CEZIDISSOS,Marie,543@toto.com,,3 B
OOERSENI,Marie,544@toto.com,,4 G
OOERT,Marie,545@toto.com,,4 F
OOILLERD-MICHILIT,Marie,546@toto.com,,"0,2083333333"
OOQOIIR,Marielle,547@toto.com,,5 F
OORICK,Marie-Lou,548@toto.com,,4 E
OORNIEO,Marina,549@toto.com,,4 G
OOTIN,Marina,550@toto.com,,4 C
OOZET,Marine,551@toto.com,,6 F
OP,Marius,552@toto.com,,3 D
ORCEDI,Marius,553@toto.com,,3 C
ORDENILLE,Martin,554@toto.com,,3 D
ORDON,Martin,555@toto.com,,3 D
ORE,Martin,556@toto.com,,4 D
OREOD,Martin,557@toto.com,,"0,25"
ORGIET,Martin,558@toto.com,,5 L
ORGNIOF,Marylou,559@toto.com,,4 C
ORHIS,Mateo,560@toto.com,,3 D
ORIGOI,Mateo,561@toto.com,,3 D
ORIL,Matéo,562@toto.com,,6 F
ORINCI,Mathéo,563@toto.com,,5 C
ORIS,Mathéo,564@toto.com,,6 E
ORNIEOD,Mathéo,565@toto.com,,6 E
ORO,Mathias,566@toto.com,,4 E
ORTILERRI,Mathieu,567@toto.com,,3 C
ORY,Mathieu,568@toto.com,,6 D
OSBE LICOONE,Mathieu,569@toto.com,,3G
OSI,Mathieu,570@toto.com,,6 D
OSIN,Mathilde,571@toto.com,,3 F
OSIN,Mathilde,572@toto.com,,3G
OSON,Mathis,573@toto.com,,6 D
OSQOIS,Mathis,574@toto.com,,3A
OSSEDI,Mathis,575@toto.com,,4 B
OSSEOD,Mathys,576@toto.com,,5 F
OSSIEO,Mathys,577@toto.com,,4 F
OSSIEO-DI LE IGLISIE,Mathys,578@toto.com,,3 E
OSSII,Matteo,579@toto.com,,4 L
OSSILIN-CHEOVI,Matteo,580@toto.com,,6 L
OTCERINE,Matthieu,581@toto.com,,4 D
OTCERINE,Matthieu,582@toto.com,,"0,2083333333"
OTENT,Matthieu,583@toto.com,,5 E
OTIEOX,Matthieu,584@toto.com,,5 D
OTRIL,Mattis,585@toto.com,,3G
OX,Maude,586@toto.com,,3 C
OX,Maurice,587@toto.com,,6 C
OX,Max,588@toto.com,,6 C
OX,Maxence,589@toto.com,,4 E
OX,Maxence,590@toto.com,,5 B
OYIR,Maxime,591@toto.com,,3G
OZETS,Maxime,592@toto.com,,3G
OZIT,Maxime,593@toto.com,,3A
OZTIGOI,Maxime,594@toto.com,,3 E
PEDETO,Maxime,595@toto.com,,5 D
PIES,Maxine,596@toto.com,,4 F
PIES,May-Line,597@toto.com,,4 D
PIN,Médina,598@toto.com,,4 F
PIRT,Mehdi,599@toto.com,,"0,1666666667"
PIS,Mélissa,600@toto.com,,6 E
PIS,Michel,601@toto.com,,6 F
PITEL,Miguel,602@toto.com,,4 B
PLET,Mikel,603@toto.com,,4 G
PLI,Mikel,604@toto.com,,6 D
POIS,Mila,605@toto.com,,6 D
PONT-CHINI,Milène,606@toto.com,,4 G
POORTIR,Minna,607@toto.com,,"0,2083333333"
POOY,Moncéf,608@toto.com,,6 D
PPIRON,Morgan,609@toto.com,,4 G
R,Morgane,610@toto.com,,4 B
R,Morgane,611@toto.com,,6 C
RBI,Morgane,612@toto.com,,3G
RBIEOX,Morgane,613@toto.com,,5 E
RBIIR,Morgane,614@toto.com,,5 F
RBIN,Morgane,615@toto.com,,3A
RBIN,Naela,616@toto.com,,6 F
RBLEDI,Nahia,617@toto.com,,3 B
RBONNIT,Nahia,618@toto.com,,5 E
RBOSE PIRIIRE,Nahuel,619@toto.com,,5 L
RBREOD,Naia,620@toto.com,,4 G
RCHI DI KIYSIR,Naïa,621@toto.com,,6 F
RCHIONI,Naïa,622@toto.com,,4 C
RCHON,Naïs,623@toto.com,,6 C
RCIE,Naomi,624@toto.com,,5 B
RCIE,Naomi,625@toto.com,,3 L
RCIIR,Nathan,626@toto.com,,5 G
RCIL,Nawel,627@toto.com,,"0,25"
RCIRE,Neigeline,628@toto.com,,3A
RCOLLIT,Neji,629@toto.com,,5 L
RCOLLIT,Névèn,630@toto.com,,6 F
RDECHER,Nicolas,631@toto.com,,3 C
RDELLI GELLIENO,Nicolas,632@toto.com,,3 C
RDEN,Nicolas,633@toto.com,,4 E
RDETO,Nikolas,634@toto.com,,4 D
RDIN,Nils,635@toto.com,,6 E
RDIVET,Nina,636@toto.com,,"0,2083333333"
RDOBE,Nino,637@toto.com,,3 D
RECOTCHI,Nino,638@toto.com,,5 E
REL,Noa,639@toto.com,,6 L
REMBOORI,Noa,640@toto.com,,5 C
REMIL,Noa,641@toto.com,,3 D
REN,Noah,642@toto.com,,3 E
REO,Noelly,643@toto.com,,"0,25"
REOD,Noemie,644@toto.com,,3G
RETIGOI,Noémie,645@toto.com,,5 D
RGIT,Nolwenn,646@toto.com,,"0,2083333333"
RGOIRITTI,Norah,647@toto.com,,3 D
RGOIS,Noriane,648@toto.com,,3G
RGOS CISPIDIS,Océane,649@toto.com,,3 C
RGOY,Ohiana,650@toto.com,,4 G
RHO,Oihan,651@toto.com,,4 G
RI,Oihan,652@toto.com,,4 C
RI,Oihan,653@toto.com,,"0,2083333333"
RIBERNI,Oihan,654@toto.com,,3 C
RIERT,Oihan,655@toto.com,,6 C
RIERT DORROTHY,Oihan,656@toto.com,,3 D
RIGON,Oihana,657@toto.com,,"0,2083333333"
RIGOYIN,Oihana,658@toto.com,,"0,2083333333"
RIGOYIN,Oihana,659@toto.com,,3 D
RIILLI,Oihana,660@toto.com,,4 E
RI-LEGERISTI,Olivia,661@toto.com,,4 F
RIM I SOOSE,Olivier,662@toto.com,,5 F
RIM I SOOSE,Oscar,663@toto.com,,6 F
RIN,Oscar,664@toto.com,,3 F
RINGIR,Oscar,665@toto.com,,5 C
RINIT-RODRIGOIZ,Othmane,666@toto.com,,5 F
RINIT-RODRIGOIZ,Pablo,667@toto.com,,4 D
RINO,Pablo,668@toto.com,,3 C
RISSIIR,Paco,669@toto.com,,5 D
RISSON,Paloma,670@toto.com,,3 E
RISSON,Pantxika,671@toto.com,,3A
RITTI,Paola,672@toto.com,,"0,25"
RIZ,Pascal,673@toto.com,,3 D
RLIN-SEKEMOTO,Patxi,674@toto.com,,4 E
RMENO,Patxi,675@toto.com,,5 G
RNERD,Patxi,676@toto.com,,6 B
RNICKIR,Paul,677@toto.com,,4 F
RNII,Paul,678@toto.com,,3 C
RONNY,Paul,679@toto.com,,3G
ROO,Paul,680@toto.com,,6 F
ROOX,Paul,681@toto.com,,"0,25"
ROSINSKI-CESTY,Paul,682@toto.com,,4 D
ROSSEGEREY,Paul,683@toto.com,,6 D
ROT,Pauline,684@toto.com,,4 C
ROTCERINI,Pauline,685@toto.com,,"0,2083333333"
ROTCHIT,Pédro,686@toto.com,,4 G
ROTCHIT,Peio,687@toto.com,,"0,2083333333"
ROTIE,Peio,688@toto.com,,4 F
ROTIE,Pierre,689@toto.com,,4 F
ROTIE,Pierre Antoine,690@toto.com,,3 B
RR,Pierre-Esteban,691@toto.com,,"0,25"
RRECCI,Quentin,692@toto.com,,6 F
RREILH,Quentin,693@toto.com,,4 L
RREMINDY,Quentin,694@toto.com,,5 F
RRIBIY - POOJOL,Rafaël,695@toto.com,,3 F
RRIC,Ramuntxo,696@toto.com,,3A
RRIGOIS,Raphaël,697@toto.com,,4 F
RRIIO,Raphaël,698@toto.com,,3 E
RRIIOX JOSON,Rayan,699@toto.com,,3 L
RRINILLO,Rayhan,700@toto.com,,5 L
RRIRO CHECON,Rebecca,701@toto.com,,5 C
RRIS,Remy,702@toto.com,,4 F
RRIS,Remy,703@toto.com,,5 E
RRITCHON,René-Lucas,704@toto.com,,6 D
RRIY,Ricardo,705@toto.com,,3 E
RROE,Robin,706@toto.com,,6 C
RROE,Robin,707@toto.com,,"0,25"
RROOIT,Romain,708@toto.com,,"0,2083333333"
RSENS,Romain,709@toto.com,,6 F
RTHEBORO-CENIROT,Romain,710@toto.com,,4 E
RTHILIMY,Romain,711@toto.com,,5 E
RTHILOT,Romain,712@toto.com,,3A
RTHILOT,Romain,713@toto.com,,6 B
RTI,Romane,714@toto.com,,5 F
RTI,Romane,715@toto.com,,5 B
RTIEL,Romeo,716@toto.com,,5 C
RTIEO,Roméo,717@toto.com,,3 E
RTIGEO,Romuald,718@toto.com,,3G
RTIGOI,Ruben,719@toto.com,,6 F
RTIL,Ruben,720@toto.com,,5 B
RTILLIT,Rubine,721@toto.com,,6 B
RTIN,Sabrina,722@toto.com,,6 L
RTINIZ,Sacha,723@toto.com,,5 L
RTONI CORROY,Sacha,724@toto.com,,4 E
RVERIC,Sacha,725@toto.com,,"0,2083333333"
RVOOT,Salim,726@toto.com,,6 D
RZOOK,Salomé,727@toto.com,,5 D
S,Samuel,728@toto.com,,3G
S,Samuel,729@toto.com,,6 C
S SENTOS PEOLINO,Sarah,730@toto.com,,5 F
SCOOEO,Sarah,731@toto.com,,6 E
SCOOTI,Sarah,732@toto.com,,6 L
SCOSSI,Sara-Lou,733@toto.com,,6 E
SE,Savannah,734@toto.com,,3A
SEE,Selene,735@toto.com,,3 F
SEEDI,Selma,736@toto.com,,4 D
SELIS,Séphir,737@toto.com,,5 L
SELIS,Serigne,738@toto.com,,3 F
SGA,Shaïlie,739@toto.com,,6 D
SILVE CEMPOS,Shaima,740@toto.com,,3 B
SJERDINS,Shaina,741@toto.com,,5 C
SKEYIV,Shaïna,742@toto.com,,3 C
SKEYIV,Shan,743@toto.com,,5 C
SON,Sibylle,744@toto.com,,5 E
SPIS,Simon,745@toto.com,,5 F
SPRIES,Sokhna,746@toto.com,,4 C
SSEING,Solal,747@toto.com,,5 E
SSEING,Solène,748@toto.com,,"0,2083333333"
SSEINT,Solenn,749@toto.com,,4 E
SSENI-DIES,Souane,750@toto.com,,4 F
SSERREGOI,Stany,751@toto.com,,5 E
SSIF,Stella,752@toto.com,,5 E
SSIL,Sulaymân,753@toto.com,,3G
SSIL,Swann,754@toto.com,,4 B
SSIN,Tahina,755@toto.com,,4 D
SSINGO--HOMBIL,Taina,756@toto.com,,3A
SSON,Taïs,757@toto.com,,4 L
SSON-ENTEKI,Tess,758@toto.com,,5 L
STE FORTONE,Théo,759@toto.com,,6 D
STET PICERD,Théo,760@toto.com,,"0,2083333333"
STIDI,Théo,761@toto.com,,3 L
STIINS,Théo,762@toto.com,,4 G
STRIBETS,Thibaud,763@toto.com,,6 B
STRIC,Thibault,764@toto.com,,4 E
T,Thibault,765@toto.com,,6 B
TE,Thibaut,766@toto.com,,3A
TECHIT,Thomas,767@toto.com,,5 D
TEYNOO,Thomas,768@toto.com,,6 F
TFOORT,Thomas,769@toto.com,,6 L
THIS,Thomas,770@toto.com,,4 F
THIS,Thomas,771@toto.com,,4 E
THIY,Thomas,772@toto.com,,3 C
THOIT,Tiare,773@toto.com,,"0,2083333333"
TIILLO,Tilio,774@toto.com,,3 F
TIOT,Timotéo,775@toto.com,,3 F
TIT,Titouan,776@toto.com,,3 D
TIZ,Tom,777@toto.com,,"0,2083333333"
TIZ OCEMPO,Tom,778@toto.com,,5 B
TIZBIRIE,Tom,779@toto.com,,3G
TOHI ENDIEZEBEL,Trystan,780@toto.com,,3 B
TONIO,Turpal,781@toto.com,,5 B
TOORNIS YIRME,Txomin,782@toto.com,,5 F
TOT-ELBIRT,Ugo,783@toto.com,,3 F
TRI,Unai,784@toto.com,,6 C
TRII,Unai,785@toto.com,,5 G
TRIM,Unaï,786@toto.com,,4 D
TSEBY,Usho,787@toto.com,,"0,1666666667"
TTENIO,Valentin,788@toto.com,,6 E
TXEGOI,Valentin,789@toto.com,,4 E
VERRI,Victoire,790@toto.com,,3 D
VIGNIEO,Victor,791@toto.com,,5 F
VIIR,Victor,792@toto.com,,4 L
VIIRI,Victor,793@toto.com,,5 G
VILE EGOIRRI,Vincent,794@toto.com,,6 D
VIL-MORTIEOX,Vincent,795@toto.com,,4 L
VIN,Violette,796@toto.com,,3G
VIS DI OLIVIRE,Winkler,797@toto.com,,4 E
VIT,Xabi,798@toto.com,,5 E
VIT,Xabi,799@toto.com,,3A
VOIGNEC,Xan,800@toto.com,,"0,25"
VY,Xan,801@toto.com,,3 F
VY,Xana,802@toto.com,,5 C
YI,Xani,803@toto.com,,3A
YI,Xanti,804@toto.com,,"0,25"
YIT,Xilban,805@toto.com,,"0,25"
YLI,Yamine,806@toto.com,,6 E
YLIS,Yan,807@toto.com,,4 C
YOT,Yanis,808@toto.com,,4 C
YOT DRON,Yannis,809@toto.com,,5 F
YS,Yoann,810@toto.com,,5 D
YSSIIR,Yohan,811@toto.com,,6 B
YSSIT,Yon,812@toto.com,,6 E
YTY,Younes,813@toto.com,,5 F
ZENNI,Yuri,814@toto.com,,5 D
ZINEVI,Yvan,815@toto.com,,3 F
ZIOR,Zia,816@toto.com,,4 F
ZMENOWSKI,Zoé,817@toto.com,,5 C
ZMENOWSKI,Zoé,818@toto.com,,4 E
,Zoé,819@toto.com,,6 E
